,Global Trend,Data Science,Work From Home,Immediately,"₹ 6,000 /month",,3 Months,Actively hiring,https://internshala.com/internship/detail/data-science-work-from-home-job-internship-at-global-trend1693783891
,Global Trend,Data Science,Work From Home,Immediately,"₹ 6,000 /month",,3 Months,Actively hiring,https://internshala.com/internship/detail/data-science-work-from-home-job-internship-at-global-trend1693783891
Title,Company,Role,Location,Start Date,Stipend,Posted,Duration,Hiring Info,Link
,Livesitter,Machine Learning And Computer Vision,Work From Home,Immediately,,,6 Months,Actively hiring,https://internshala.com/internship/detail/machine-learning-and-computer-vision-work-from-home-job-internship-at-livesitter1696317223
,Intozi Tech Private Limited,Computer Vision,Gurgaon,Immediately,,,6 Months,Actively hiring,https://internshala.com/internship/detail/computer-vision-internship-in-gurgaon-at-intozi-tech-private-limited1696317453
,MB Softech Consultants,Graphic Concept Artificial Intelligence (AI),Work From Home,Immediately,,,1 Month,Actively hiring,https://internshala.com/internship/detail/graphic-concept-artificial-intelligence-ai-work-from-home-job-internship-at-mb-softech-consultants1696324848
,Cerebry India Tech,Generative AI Developent,Work From Home,Immediately,,,6 Months,Actively hiring,https://internshala.com/internship/detail/generative-ai-developent-work-from-home-job-internship-at-cerebry-india-tech1696322816
,"AmiColo - Concordia University (Montreal, Canada)",Data Science,Work From Home,Immediately,,,2 Months,Actively hiring,https://internshala.com/internship/detail/data-science-work-from-home-job-internship-at-amicolo-concordia-university1696109346
,Thriving Soft Solutions Private Limited,Python Development/Training,Work From Home,Immediately,,,3 Months,Actively hiring,https://internshala.com/internship/detail/python-development-training-work-from-home-job-internship-at-thriving-soft-solutions-private-limited1696307694
,Techiesms,Internet Of Things (IoT),Ahmedabad,Immediately,,,3 Months,Info uavailable,https://internshala.com/internship/detail/internet-of-things-iot-part-time-job-internship-at-ahmedabad-in-techiesms1696248795
,Daten & Wissen Private Limited,Artificial Intelligence (AI),Mumbai,Immediately,,,6 Months,Info uavailable,https://internshala.com/internship/detail/artificial-intelligence-ai-internship-in-mumbai-at-daten-wissen-private-limited1696233057
,W3Dev,Machine Learning (Object/Video),Noida,Immediately,,,6 Months,Actively hiring,https://internshala.com/internship/detail/machine-learning-object-video-internship-in-noida-at-w3dev1696174002
,W3Dev,Python Development,Noida,Immediately,,,6 Months,Actively hiring,https://internshala.com/internship/detail/python-development-internship-in-noida-at-w3dev1696173882
,VIZON,Artificial Intelligence (AI),Work From Home,Immediately,,,3 Months,Info uavailable,https://internshala.com/internship/detail/artificial-intelligence-ai-work-from-home-job-internship-at-vizon1696027523
,Wingfotech Private Limited,R&D Engineering (Robotics),Ahmedabad,Immediately,,,3 Months,Actively hiring,https://internshala.com/internship/detail/r-d-engineering-robotics-internship-in-ahmedabad-at-wingfotech-private-limited1695989260
,Medius Technologies Private Limited,GPT Development,Mumbai,Immediately,,,6 Months,Actively hiring,https://internshala.com/internship/detail/gpt-development-internship-in-mumbai-at-medius-technologies-private-limited1695976805
,Rohan Agarwal,Artificial Intelligence (AI),Meerut,Immediately,,,4 Months,Info uavailable,https://internshala.com/internship/detail/artificial-intelligence-ai-internship-in-meerut-at-rohan-agarwal1695837118
,Requin Solutions Private Limited,Python Development,Jaipur,Immediately,,,6 Months,Actively hiring,https://internshala.com/internship/detail/python-development-internship-in-jaipur-at-requin-solutions-private-limited1695962726
,Kontiki Innovation Labs,Computer Vision/Game Development,Work From Home,Immediately,,,2 Months,Actively hiring,https://internshala.com/internship/detail/computer-vision-game-development-work-from-home-job-internship-at-kontiki-innovation-labs1695933234
,PyroCCS India Private Limited,Engineering - AI/IoT/Sensors/Image Process/Recognition (ClimateTech),Work From Home,Immediately,,,6 Months,Actively hiring,https://internshala.com/internship/detail/engineering-ai-iot-sensors-image-process-recognition-climatetech-work-from-home-job-internship-at-pyroccs-india-private-limited1695899155
,Blackcoffer,Full-stack Data Engineering,Work From Home,Immediately,,,6 Months,Actively hiring,https://internshala.com/internship/detail/full-stack-data-engineering-work-from-home-job-internship-at-blackcoffer1695826357
,Bootstrap Digital Solutions,Machine Learning & AI Systems,Delhi,Immediately,,,6 Months,Actively hiring,https://internshala.com/internship/detail/machine-learning-ai-systems-internship-in-delhi-at-bootstrap-digital-solutions1695875330
,Fittlyf,Data Science - Statistics,Work From Home,Immediately,,,4 Months,Actively hiring,https://internshala.com/internship/detail/data-science-statistics-work-from-home-job-internship-at-fittlyf1695827769
,Digite Infotech Private Limited,Data Analytics,Bangalore,Immediately,,,3 Months,Actively hiring,https://internshala.com/internship/detail/data-analytics-internship-in-bangalore-at-digite-infotech-private-limited1695789179
,Jarvics Technologies,Python Development,"Kharar, Mohali, Kurali, Ropar",Immediately,,,3 Months,Actively hiring,https://internshala.com/internship/detail/python-development-internship-in-multiple-locations-at-jarvics-technologies1695794422
,Blackcoffer,UI/UX Design,Work From Home,Immediately,,,6 Months,Actively hiring,https://internshala.com/internship/detail/ui-ux-design-work-from-home-job-internship-at-blackcoffer1695720735
,Ritikaa Enterprises Private Limited,Industrial And Production Engineering,Nashik,Immediately,,,6 Months,Info uavailable,https://internshala.com/internship/detail/industrial-and-production-engineering-part-time-job-internship-at-nashik-in-ritikaa-enterprises-private-limited1695723816
,SuperBio,Generative AI,Work From Home,Immediately,,,2 Months,Actively hiring,https://internshala.com/internship/detail/generative-ai-work-from-home-job-internship-at-superbio1695720345
,DataXL Solutions,Data Science/AI/Machine Learning,Work From Home,Immediately,,,3 Months,Actively hiring,https://internshala.com/internship/detail/data-science-ai-machine-learning-work-from-home-job-internship-at-dataxl-solutions1695714924
,Blackcoffer,Data Science,Work From Home,Immediately,,,6 Months,Actively hiring,https://internshala.com/internship/detail/data-science-work-from-home-job-internship-at-blackcoffer1695637542
,Criton Technology & Automation Private Limited,"Machine Learning,AWS & lot",Mumbai,Immediately,,,4 Months,Actively hiring,https://internshala.com/internship/detail/machine-learning-aws-lot-internship-in-mumbai-at-criton-technology-automation-private-limited1695796030
,"Avkalan.ai (London, United Kingdom)",Artificial Intelligence (AI),Work From Home,Immediately,,,1 Nov,Actively hiring,https://internshala.com/internship/detail/artificial-intelligence-ai-work-from-home-job-internship-at-avkalanai1695626429
,Avaari,Machine Learning,Work From Home,Immediately,,,2 Months,Actively hiring,https://internshala.com/internship/detail/machine-learning-work-from-home-job-internship-at-avaari1695452341
,Kaholas,Large Language Model Research,Delhi,Immediately,,,3 Months,Info uavailable,https://internshala.com/internship/detail/large-language-model-research-part-time-job-internship-at-delhi-in-kaholas1695536672
,Across The Globe (ATG),Generative Adversarial Networks,Work From Home,Immediately,,,6 Months,Actively hiring,https://internshala.com/internship/detail/generative-adversarial-networks-work-from-home-job-internship-at-across-the-globe-atg1695536433
,Relinns Technologies,NLP Engineering,Mohali,Immediately,,,6 Months,Actively hiring,https://internshala.com/internship/detail/nlp-engineering-internship-in-mohali-at-relinns-technologies1695470395
,RoadMetrics,Data Annotation/Labelling (Computer Vision-Image Data),Work From Home,Immediately,,,6 Months,Actively hiring,https://internshala.com/internship/detail/data-annotation-labelling-computer-vision-image-data-work-from-home-job-internship-at-roadmetrics1695373952
,Buddha Education Association Incorporation,Machine Learning,Work From Home,Immediately,,,2 Months,Actively hiring,https://internshala.com/internship/detail/machine-learning-work-from-home-job-internship-at-buddha-education-association-incorporation1695396984
,Vijayi WFH Technologies Private Limited,Artificial Intelligence (AI),Gurgaon,Immediately,,,5 Months,Actively hiring,https://internshala.com/internship/detail/artificial-intelligence-ai-internship-in-gurgaon-at-vijayi-wfh-technologies-private-limited1695383621
,P.H.Healthcare Private Limited,Mechanical Engineering,Bhilad,Immediately,,,6 Months,Info uavailable,https://internshala.com/internship/detail/mechanical-engineering-internship-in-bhilad-at-phhealthcare-private-limited1695382250
,Shubh International,Artificial Intelligence (AI),Work From Home,Immediately,,,2 Months,Actively hiring,https://internshala.com/internship/detail/artificial-intelligence-ai-work-from-home-job-internship-at-shubh-international1695302459
,Shubh International,Machine Learning,Work From Home,Immediately,,,2 Months,Actively hiring,https://internshala.com/internship/detail/machine-learning-work-from-home-job-internship-at-shubh-international1695302316
,XEMI Private Limited,Artificial Intelligence (AI),Mumbai,Immediately,,,3 Months,Info uavailable,https://internshala.com/internship/detail/artificial-intelligence-ai-part-time-job-internship-at-mumbai-in-xemi-private-limited1695304934
,Creators Lab India Private Limited,Machine Learning,Work From Home,Immediately,,,3 Months,Actively hiring,https://internshala.com/internship/detail/machine-learning-work-from-home-job-internship-at-creators-lab-india-private-limited1695275641
,Go Digital Technology Consulting,Data Engineering,"Pune, Mumbai",Immediately,,,2 Months,Actively hiring,https://internshala.com/internship/detail/data-engineering-internship-in-pune-mumbai-at-go-digital-technology-consulting1695212558
,Cathode Healthcare,Artificial Intelligence (AI),Coimbatore,Immediately,,,3 Months,Info uavailable,https://internshala.com/internship/detail/artificial-intelligence-ai-internship-in-coimbatore-at-cathode-healthcare1694158417
,Techdome Solutions Private Limited,Quality Analyst,Indore,Immediately,,,4 Months,Actively hiring,https://internshala.com/internship/detail/quality-analyst-internship-in-indore-at-techdome-solutions-private-limited1695205045
,Techdome Solutions Private Limited,AI Engineering,Indore,Immediately,,,4 Months,Actively hiring,https://internshala.com/internship/detail/ai-engineering-internship-in-indore-at-techdome-solutions-private-limited1695204321
,Tagglabs,Backend Python Development,Gurgaon,Immediately,,,3 Months,Actively hiring,https://internshala.com/internship/detail/backend-python-development-internship-in-gurgaon-at-tagglabs1695196930
,Intelligent Ed-Laboratories Pvt Ltd,Machine Learning,Work From Home,Immediately,,,2 Months,Actively hiring,https://internshala.com/internship/detail/machine-learning-work-from-home-job-internship-at-intelligent-ed-laboratories-pvt-ltd1695064784
,Komodo AI,Python Development,Work From Home,Immediately,,,6 Months,Actively hiring,https://internshala.com/internship/detail/python-development-work-from-home-job-internship-at-komodo-ai1694521670
,Grey Scientific Labs,Machine Learning And Image Processing,Work From Home,Immediately,,,6 Months,Actively hiring,https://internshala.com/internship/detail/machine-learning-and-image-processing-work-from-home-job-internship-at-grey-scientific-labs1694601742
,Jivichem Synthesis Private Limited,Machine Learning,Work From Home,Immediately,,,1 Month,Actively hiring,https://internshala.com/internship/detail/machine-learning-work-from-home-job-internship-at-jivichem-synthesis-private-limited1694428007
,AI4SEE PRIVATE LIMITED,Data Science Course Instruction,Work From Home,Immediately,,,3 Months,Info uavailable,https://internshala.com/internship/detail/data-science-course-instruction-work-from-home-job-internship-at-ai4see-private-limited1693921294
,COSGrid Systems Private Limited,Backend & ML Development,Chennai,Immediately,,,4 Months,Actively hiring,https://internshala.com/internship/detail/backend-ml-development-internship-in-chennai-at-cosgrid-systems-private-limited1693823092
,Global Trend,Data Science,Work From Home,Immediately,,,3 Months,Actively hiring,https://internshala.com/internship/detail/data-science-work-from-home-job-internship-at-global-trend1693783891
Title,Company,Role,Location,Start Date,Stipend,Posted,Duration,Hiring Info,Link
,Livesitter,Machine Learning And Computer Vision,Work From Home,Immediately,,,6 Months,Actively hiring,https://internshala.com/internship/detail/machine-learning-and-computer-vision-work-from-home-job-internship-at-livesitter1696317223
,Intozi Tech Private Limited,Computer Vision,Gurgaon,Immediately,,,6 Months,Actively hiring,https://internshala.com/internship/detail/computer-vision-internship-in-gurgaon-at-intozi-tech-private-limited1696317453
,MB Softech Consultants,Graphic Concept Artificial Intelligence (AI),Work From Home,Immediately,,,1 Month,Actively hiring,https://internshala.com/internship/detail/graphic-concept-artificial-intelligence-ai-work-from-home-job-internship-at-mb-softech-consultants1696324848
,Cerebry India Tech,Generative AI Developent,Work From Home,Immediately,,,6 Months,Actively hiring,https://internshala.com/internship/detail/generative-ai-developent-work-from-home-job-internship-at-cerebry-india-tech1696322816
,"AmiColo - Concordia University (Montreal, Canada)",Data Science,Work From Home,Immediately,,,2 Months,Actively hiring,https://internshala.com/internship/detail/data-science-work-from-home-job-internship-at-amicolo-concordia-university1696109346
,Thriving Soft Solutions Private Limited,Python Development/Training,Work From Home,Immediately,,,3 Months,Actively hiring,https://internshala.com/internship/detail/python-development-training-work-from-home-job-internship-at-thriving-soft-solutions-private-limited1696307694
,Techiesms,Internet Of Things (IoT),Ahmedabad,Immediately,,,3 Months,Info uavailable,https://internshala.com/internship/detail/internet-of-things-iot-part-time-job-internship-at-ahmedabad-in-techiesms1696248795
,Daten & Wissen Private Limited,Artificial Intelligence (AI),Mumbai,Immediately,,,6 Months,Info uavailable,https://internshala.com/internship/detail/artificial-intelligence-ai-internship-in-mumbai-at-daten-wissen-private-limited1696233057
,W3Dev,Machine Learning (Object/Video),Noida,Immediately,,,6 Months,Actively hiring,https://internshala.com/internship/detail/machine-learning-object-video-internship-in-noida-at-w3dev1696174002
,W3Dev,Python Development,Noida,Immediately,,,6 Months,Actively hiring,https://internshala.com/internship/detail/python-development-internship-in-noida-at-w3dev1696173882
,VIZON,Artificial Intelligence (AI),Work From Home,Immediately,,,3 Months,Info uavailable,https://internshala.com/internship/detail/artificial-intelligence-ai-work-from-home-job-internship-at-vizon1696027523
,Wingfotech Private Limited,R&D Engineering (Robotics),Ahmedabad,Immediately,,,3 Months,Actively hiring,https://internshala.com/internship/detail/r-d-engineering-robotics-internship-in-ahmedabad-at-wingfotech-private-limited1695989260
,Medius Technologies Private Limited,GPT Development,Mumbai,Immediately,,,6 Months,Actively hiring,https://internshala.com/internship/detail/gpt-development-internship-in-mumbai-at-medius-technologies-private-limited1695976805
,Rohan Agarwal,Artificial Intelligence (AI),Meerut,Immediately,,,4 Months,Info uavailable,https://internshala.com/internship/detail/artificial-intelligence-ai-internship-in-meerut-at-rohan-agarwal1695837118
,Requin Solutions Private Limited,Python Development,Jaipur,Immediately,,,6 Months,Actively hiring,https://internshala.com/internship/detail/python-development-internship-in-jaipur-at-requin-solutions-private-limited1695962726
,Kontiki Innovation Labs,Computer Vision/Game Development,Work From Home,Immediately,,,2 Months,Actively hiring,https://internshala.com/internship/detail/computer-vision-game-development-work-from-home-job-internship-at-kontiki-innovation-labs1695933234
,PyroCCS India Private Limited,Engineering - AI/IoT/Sensors/Image Process/Recognition (ClimateTech),Work From Home,Immediately,,,6 Months,Actively hiring,https://internshala.com/internship/detail/engineering-ai-iot-sensors-image-process-recognition-climatetech-work-from-home-job-internship-at-pyroccs-india-private-limited1695899155
,Blackcoffer,Full-stack Data Engineering,Work From Home,Immediately,,,6 Months,Actively hiring,https://internshala.com/internship/detail/full-stack-data-engineering-work-from-home-job-internship-at-blackcoffer1695826357
,Bootstrap Digital Solutions,Machine Learning & AI Systems,Delhi,Immediately,,,6 Months,Actively hiring,https://internshala.com/internship/detail/machine-learning-ai-systems-internship-in-delhi-at-bootstrap-digital-solutions1695875330
,Fittlyf,Data Science - Statistics,Work From Home,Immediately,,,4 Months,Actively hiring,https://internshala.com/internship/detail/data-science-statistics-work-from-home-job-internship-at-fittlyf1695827769
,Digite Infotech Private Limited,Data Analytics,Bangalore,Immediately,,,3 Months,Actively hiring,https://internshala.com/internship/detail/data-analytics-internship-in-bangalore-at-digite-infotech-private-limited1695789179
,Jarvics Technologies,Python Development,"Kharar, Mohali, Kurali, Ropar",Immediately,,,3 Months,Actively hiring,https://internshala.com/internship/detail/python-development-internship-in-multiple-locations-at-jarvics-technologies1695794422
,Blackcoffer,UI/UX Design,Work From Home,Immediately,,,6 Months,Actively hiring,https://internshala.com/internship/detail/ui-ux-design-work-from-home-job-internship-at-blackcoffer1695720735
,Ritikaa Enterprises Private Limited,Industrial And Production Engineering,Nashik,Immediately,,,6 Months,Info uavailable,https://internshala.com/internship/detail/industrial-and-production-engineering-part-time-job-internship-at-nashik-in-ritikaa-enterprises-private-limited1695723816
,SuperBio,Generative AI,Work From Home,Immediately,,,2 Months,Actively hiring,https://internshala.com/internship/detail/generative-ai-work-from-home-job-internship-at-superbio1695720345
,DataXL Solutions,Data Science/AI/Machine Learning,Work From Home,Immediately,,,3 Months,Actively hiring,https://internshala.com/internship/detail/data-science-ai-machine-learning-work-from-home-job-internship-at-dataxl-solutions1695714924
,Blackcoffer,Data Science,Work From Home,Immediately,,,6 Months,Actively hiring,https://internshala.com/internship/detail/data-science-work-from-home-job-internship-at-blackcoffer1695637542
,Criton Technology & Automation Private Limited,"Machine Learning,AWS & lot",Mumbai,Immediately,,,4 Months,Actively hiring,https://internshala.com/internship/detail/machine-learning-aws-lot-internship-in-mumbai-at-criton-technology-automation-private-limited1695796030
,"Avkalan.ai (London, United Kingdom)",Artificial Intelligence (AI),Work From Home,Immediately,,,1 Nov,Actively hiring,https://internshala.com/internship/detail/artificial-intelligence-ai-work-from-home-job-internship-at-avkalanai1695626429
,Avaari,Machine Learning,Work From Home,Immediately,,,2 Months,Actively hiring,https://internshala.com/internship/detail/machine-learning-work-from-home-job-internship-at-avaari1695452341
,Kaholas,Large Language Model Research,Delhi,Immediately,,,3 Months,Info uavailable,https://internshala.com/internship/detail/large-language-model-research-part-time-job-internship-at-delhi-in-kaholas1695536672
,Across The Globe (ATG),Generative Adversarial Networks,Work From Home,Immediately,,,6 Months,Actively hiring,https://internshala.com/internship/detail/generative-adversarial-networks-work-from-home-job-internship-at-across-the-globe-atg1695536433
,Relinns Technologies,NLP Engineering,Mohali,Immediately,,,6 Months,Actively hiring,https://internshala.com/internship/detail/nlp-engineering-internship-in-mohali-at-relinns-technologies1695470395
,RoadMetrics,Data Annotation/Labelling (Computer Vision-Image Data),Work From Home,Immediately,,,6 Months,Actively hiring,https://internshala.com/internship/detail/data-annotation-labelling-computer-vision-image-data-work-from-home-job-internship-at-roadmetrics1695373952
,Buddha Education Association Incorporation,Machine Learning,Work From Home,Immediately,,,2 Months,Actively hiring,https://internshala.com/internship/detail/machine-learning-work-from-home-job-internship-at-buddha-education-association-incorporation1695396984
,Vijayi WFH Technologies Private Limited,Artificial Intelligence (AI),Gurgaon,Immediately,,,5 Months,Actively hiring,https://internshala.com/internship/detail/artificial-intelligence-ai-internship-in-gurgaon-at-vijayi-wfh-technologies-private-limited1695383621
,P.H.Healthcare Private Limited,Mechanical Engineering,Bhilad,Immediately,,,6 Months,Info uavailable,https://internshala.com/internship/detail/mechanical-engineering-internship-in-bhilad-at-phhealthcare-private-limited1695382250
,Shubh International,Artificial Intelligence (AI),Work From Home,Immediately,,,2 Months,Actively hiring,https://internshala.com/internship/detail/artificial-intelligence-ai-work-from-home-job-internship-at-shubh-international1695302459
,Shubh International,Machine Learning,Work From Home,Immediately,,,2 Months,Actively hiring,https://internshala.com/internship/detail/machine-learning-work-from-home-job-internship-at-shubh-international1695302316
,XEMI Private Limited,Artificial Intelligence (AI),Mumbai,Immediately,,,3 Months,Info uavailable,https://internshala.com/internship/detail/artificial-intelligence-ai-part-time-job-internship-at-mumbai-in-xemi-private-limited1695304934
,Creators Lab India Private Limited,Machine Learning,Work From Home,Immediately,,,3 Months,Actively hiring,https://internshala.com/internship/detail/machine-learning-work-from-home-job-internship-at-creators-lab-india-private-limited1695275641
,Go Digital Technology Consulting,Data Engineering,"Pune, Mumbai",Immediately,,,2 Months,Actively hiring,https://internshala.com/internship/detail/data-engineering-internship-in-pune-mumbai-at-go-digital-technology-consulting1695212558
,Cathode Healthcare,Artificial Intelligence (AI),Coimbatore,Immediately,,,3 Months,Info uavailable,https://internshala.com/internship/detail/artificial-intelligence-ai-internship-in-coimbatore-at-cathode-healthcare1694158417
,Techdome Solutions Private Limited,Quality Analyst,Indore,Immediately,,,4 Months,Actively hiring,https://internshala.com/internship/detail/quality-analyst-internship-in-indore-at-techdome-solutions-private-limited1695205045
,Techdome Solutions Private Limited,AI Engineering,Indore,Immediately,,,4 Months,Actively hiring,https://internshala.com/internship/detail/ai-engineering-internship-in-indore-at-techdome-solutions-private-limited1695204321
,Tagglabs,Backend Python Development,Gurgaon,Immediately,,,3 Months,Actively hiring,https://internshala.com/internship/detail/backend-python-development-internship-in-gurgaon-at-tagglabs1695196930
,Intelligent Ed-Laboratories Pvt Ltd,Machine Learning,Work From Home,Immediately,,,2 Months,Actively hiring,https://internshala.com/internship/detail/machine-learning-work-from-home-job-internship-at-intelligent-ed-laboratories-pvt-ltd1695064784
,Komodo AI,Python Development,Work From Home,Immediately,,,6 Months,Actively hiring,https://internshala.com/internship/detail/python-development-work-from-home-job-internship-at-komodo-ai1694521670
,Grey Scientific Labs,Machine Learning And Image Processing,Work From Home,Immediately,,,6 Months,Actively hiring,https://internshala.com/internship/detail/machine-learning-and-image-processing-work-from-home-job-internship-at-grey-scientific-labs1694601742
,Jivichem Synthesis Private Limited,Machine Learning,Work From Home,Immediately,,,1 Month,Actively hiring,https://internshala.com/internship/detail/machine-learning-work-from-home-job-internship-at-jivichem-synthesis-private-limited1694428007
,AI4SEE PRIVATE LIMITED,Data Science Course Instruction,Work From Home,Immediately,,,3 Months,Info uavailable,https://internshala.com/internship/detail/data-science-course-instruction-work-from-home-job-internship-at-ai4see-private-limited1693921294
,COSGrid Systems Private Limited,Backend & ML Development,Chennai,Immediately,,,4 Months,Actively hiring,https://internshala.com/internship/detail/backend-ml-development-internship-in-chennai-at-cosgrid-systems-private-limited1693823092
,Global Trend,Data Science,Work From Home,Immediately,,,3 Months,Actively hiring,https://internshala.com/internship/detail/data-science-work-from-home-job-internship-at-global-trend1693783891
